<?xml version="1.0" encoding="UTF-8"?>
<soapenv:Envelope 
    xmlns:soapenv="http://schemas.xmlsoap.org/soap/envelope/"
    xmlns:us="http://example.com/users">
    <soapenv:Header>
        <wsse:Security 
            xmlns:wsse="http://docs.oasis-open.org/wss/2004/01/oasis-200401-wss-wssecurity-secext-1.0.xsd"
            mustUnderstand="1">
            <wsse:UsernameToken>
                <wsse:Username>admin</wsse:Username>
                <wsse:Password>admin123</wsse:Password>
            </wsse:UsernameToken>
        </wsse:Security>
    </soapenv:Header>
    <soapenv:Body>
        <us:getUserRequest>
            <us:id>1</us:id>
        </us:getUserRequest>
    </soapenv:Body>
</soapenv:Envelope>